{
  "20x20": 0.417910447761194,
  "24x40": 0.4589041095890411,
  "30x50": 0.5082872928176796,
  "30x90": 0,
  "37x53": 0.5994919559695173
}