{
  "20x20": 0.43448275862068964,
  "24x40": 0.46308724832214765,
  "30x50": 0.5082872928176796,
  "30x90": 0.47790055248618785,
  "37x53": 0.595256312165264
}